frame_idx,time_sec,xmin,ymin,xmax,ymax,pitch_deg,yaw_deg
0,0.000,1494,277,2476,1856,-4.9151,10.2287
1,0.033,1492,276,2474,1860,-4.2074,12.5330
2,0.067,1491,276,2474,1860,-6.3154,12.1908
3,0.100,1491,276,2474,1860,-6.3100,12.1568
4,0.133,1491,276,2474,1860,-6.5009,11.3482
5,0.167,1491,276,2474,1860,-6.2384,11.5240
6,0.200,1491,276,2474,1860,-6.2404,11.5174
7,0.233,1491,276,2474,1860,-6.2404,11.5174
8,0.267,1491,276,2474,1860,-6.4237,11.6136
9,0.300,1491,276,2474,1860,-6.2866,11.5939
10,0.333,1491,276,2474,1860,-6.2866,11.5939
11,0.367,1491,276,2474,1860,-6.2866,11.5939
12,0.400,1491,276,2474,1860,-6.4135,11.5993
13,0.433,1477,271,2472,1838,-5.4342,12.5357
14,0.467,1512,295,2469,1814,-7.2654,13.9320
15,0.500,1512,293,2470,1815,-8.7169,12.9755
16,0.533,1482,274,2472,1834,-7.9760,14.1799
17,0.567,1511,291,2471,1813,-7.9651,8.6625
18,0.600,1511,290,2471,1812,-8.8223,10.3422
19,0.633,1511,290,2471,1812,-8.8223,10.3422
20,0.667,1511,290,2471,1813,-8.8050,10.0191
21,0.700,1511,291,2471,1813,-7.8731,9.8133
22,0.733,1509,299,2468,1815,-6.7599,12.8611
23,0.767,1512,299,2468,1813,-9.8089,14.2769
24,0.800,1519,305,2469,1809,-7.5879,14.6153
25,0.833,1521,303,2470,1808,-6.0586,13.7409
26,0.867,1520,299,2470,1805,-6.3726,13.2212
27,0.900,1520,298,2470,1807,-5.9380,13.8374
28,0.933,1521,292,2470,1809,-8.5920,15.0591
29,0.967,1520,289,2470,1810,-9.4399,15.0635
30,1.000,1521,291,2469,1809,-8.2339,15.7351
31,1.033,1521,292,2469,1809,-8.0456,15.1545
32,1.067,1521,292,2469,1809,-8.0180,15.1434
33,1.100,1521,291,2469,1810,-8.0459,15.5404
34,1.133,1521,292,2469,1810,-8.2769,15.1620
35,1.167,1521,292,2469,1810,-8.3938,15.2166
36,1.200,1521,292,2469,1810,-8.2413,15.3262
37,1.233,1521,292,2470,1811,-7.8933,14.2001
38,1.267,1506,284,2471,1816,-8.5831,13.7541
39,1.300,1507,281,2470,1815,-6.1968,14.2651
40,1.333,1507,281,2469,1813,-6.3567,15.9141
41,1.367,1506,280,2470,1814,-4.6015,14.6352
42,1.400,1507,282,2471,1816,-5.6467,13.9319
43,1.433,1508,285,2470,1814,-5.9645,14.7925
44,1.467,1480,268,2475,1835,-7.5367,13.0421
45,1.500,1508,288,2472,1820,-6.6250,15.0260
46,1.533,1509,287,2471,1817,-6.3201,14.7307
47,1.567,1510,288,2470,1813,-8.2784,14.9596
48,1.600,1509,288,2469,1812,-7.1910,14.7476
49,1.633,1509,287,2470,1812,-6.7333,14.2837
50,1.667,1509,287,2470,1812,-6.7769,15.0275
51,1.700,1509,287,2470,1812,-6.0264,14.9049
52,1.733,1509,287,2470,1812,-6.1030,14.9382
53,1.767,1509,287,2470,1812,-6.1410,15.1151
54,1.800,1509,287,2470,1812,-6.1770,15.1354
55,1.833,1509,287,2470,1812,-5.8707,15.2586
56,1.867,1509,288,2470,1812,-5.6370,13.4507
57,1.900,1509,287,2470,1812,-5.2809,14.5065
58,1.933,1510,284,2470,1813,-7.4751,13.6492
59,1.967,1479,270,2473,1836,-8.6938,15.3720
60,2.000,1479,271,2473,1837,-9.2544,14.9315
61,2.033,1478,274,2473,1838,-6.3610,16.0713
62,2.067,1479,272,2472,1836,-7.9574,15.4171
63,2.100,1479,273,2472,1837,-7.5115,15.2934
64,2.133,1478,271,2472,1836,-7.6450,16.2412
65,2.167,1506,287,2470,1820,-7.1852,14.0462
66,2.200,1478,274,2474,1838,-8.5950,13.8318
67,2.233,1479,273,2473,1837,-6.5964,13.6098
68,2.267,1508,286,2472,1818,-6.4657,13.1978
69,2.300,1507,286,2471,1818,-4.9424,16.0432
70,2.333,1507,286,2471,1818,-4.7869,15.7390
71,2.367,1507,286,2471,1818,-4.7096,15.6213
72,2.400,1508,285,2471,1817,-6.5726,12.7234
73,2.433,1508,285,2471,1817,-7.1274,12.9211
74,2.467,1508,285,2471,1817,-7.1274,12.9211
75,2.500,1508,285,2471,1817,-7.1274,12.9211
76,2.533,1508,285,2471,1817,-6.4249,12.8350
77,2.567,1508,285,2471,1817,-7.0488,13.0002
78,2.600,1508,282,2472,1816,-5.6096,14.7020
79,2.633,1508,282,2472,1812,-4.3250,14.2233
80,2.667,1509,282,2472,1813,-3.6707,13.4555
81,2.700,1509,282,2472,1817,-4.5359,13.8685
82,2.733,1509,284,2472,1817,-5.7253,13.8842
83,2.767,1509,284,2472,1817,-7.1732,14.0853
84,2.800,1509,283,2472,1817,-7.7685,13.1358
85,2.833,1510,285,2472,1816,-4.7804,13.0952
86,2.867,1509,285,2471,1813,-3.4161,13.7953
87,2.900,1508,283,2470,1813,-4.2031,13.6186
88,2.933,1508,282,2470,1813,-3.1566,14.4312
89,2.967,1508,282,2470,1813,-3.3637,13.9710
90,3.000,1507,286,2470,1814,-5.5632,15.6116
91,3.033,1507,286,2470,1814,-5.5709,15.6458
92,3.067,1507,286,2470,1814,-5.5060,15.6791
93,3.100,1507,286,2470,1814,-5.5756,15.7063
94,3.133,1507,286,2470,1814,-5.4290,15.8703
95,3.167,1506,286,2470,1814,-4.6245,15.1380
96,3.200,1506,286,2470,1814,-4.6735,15.1602
97,3.233,1506,286,2470,1814,-4.6660,15.1955
98,3.267,1506,286,2470,1814,-4.6221,14.9905
99,3.300,1506,286,2470,1814,-4.6044,15.0114
100,3.333,1507,288,2470,1815,-5.9095,15.6761
101,3.367,1504,290,2469,1819,-5.3337,11.4931
102,3.400,1504,286,2470,1817,-5.6687,11.5354
103,3.433,1505,288,2469,1815,-5.2938,12.3654
104,3.467,1505,287,2469,1815,-4.4420,11.1961
105,3.500,1505,287,2470,1815,-4.7498,11.0931
106,3.533,1505,289,2468,1817,-4.6869,12.8220
107,3.567,1503,286,2468,1819,-6.4917,11.0477
108,3.600,1503,286,2468,1819,-6.8632,10.9456
109,3.633,1503,285,2468,1818,-4.3540,9.7744
110,3.667,1503,286,2468,1818,-5.3765,10.4722
111,3.700,1503,285,2469,1819,-5.0806,10.8453
112,3.733,1503,285,2469,1819,-5.0806,10.8453
113,3.767,1503,285,2469,1819,-5.0806,10.8453
114,3.800,1503,286,2469,1819,-5.5525,11.0587
115,3.833,1504,286,2468,1819,-4.4289,11.1266
116,3.867,1502,287,2469,1819,-4.4790,9.0793
117,3.900,1503,288,2469,1819,-2.9686,10.4768
118,3.933,1502,289,2469,1823,-4.3167,9.7873
119,3.967,1502,288,2469,1825,-3.8638,9.5869
120,4.000,1501,287,2469,1826,-2.9237,9.5943
121,4.033,1502,286,2468,1827,-3.9892,11.5676
122,4.067,1503,287,2468,1827,-5.2128,12.2709
123,4.100,1476,270,2470,1844,-4.1220,12.0807
124,4.133,1504,286,2467,1824,-4.5737,10.2183
125,4.167,1505,286,2468,1824,-5.0527,11.4931
126,4.200,1504,286,2468,1823,-4.2917,11.9168
127,4.233,1505,284,2468,1823,-6.0276,8.4506
128,4.267,1505,284,2468,1823,-6.0350,8.1564
129,4.300,1505,284,2468,1822,-6.1400,8.5802
130,4.333,1505,284,2468,1822,-6.1400,8.5802
131,4.367,1505,284,2468,1822,-6.1459,8.4483
132,4.400,1505,283,2468,1822,-5.0750,7.6169
133,4.433,1505,281,2468,1823,-5.3314,8.8393
134,4.467,1505,279,2469,1825,-4.8080,10.9279
135,4.500,1505,281,2468,1826,-3.5532,8.3027
136,4.533,1477,266,2472,1844,-4.8412,9.7081
137,4.567,1476,270,2471,1848,-3.5773,10.9433
138,4.600,1476,270,2471,1848,-3.7158,11.2443
139,4.633,1477,274,2470,1850,-5.6987,10.9859
140,4.667,1477,273,2470,1850,-5.2793,12.5797
141,4.700,1477,273,2470,1850,-5.5263,12.1860
142,4.733,1477,273,2470,1850,-5.5257,12.2259
143,4.767,1477,273,2470,1850,-5.4632,12.2825
144,4.800,1477,274,2470,1850,-5.1230,11.1219
145,4.833,1477,274,2470,1850,-5.6886,11.0564
146,4.867,1477,274,2469,1850,-5.1568,11.5921
147,4.900,1477,274,2469,1850,-5.0912,11.5930
148,4.933,1476,276,2469,1851,-4.8218,10.3729
149,4.967,1476,276,2469,1850,-3.5612,10.5454
150,5.000,1475,277,2470,1852,-7.0283,12.5837
151,5.033,1477,276,2470,1849,-6.2442,10.6216
152,5.067,1476,276,2469,1850,-5.3736,10.5351
153,5.100,1477,276,2469,1849,-4.1076,10.1896
154,5.133,1476,276,2469,1849,-5.7682,10.8680
155,5.167,1477,277,2468,1848,-6.8952,9.6303
156,5.200,1477,277,2468,1848,-6.8952,9.6303
157,5.233,1477,277,2468,1848,-6.8952,9.6303
158,5.267,1477,278,2468,1848,-5.4813,12.3512
159,5.300,1477,278,2468,1848,-5.2686,12.4542
160,5.333,1477,278,2468,1850,-4.7455,11.2021
161,5.367,1477,279,2468,1851,-6.8979,11.2024
162,5.400,1476,280,2468,1850,-4.9548,11.2005
163,5.433,1476,280,2468,1851,-5.9151,11.7003
164,5.467,1475,279,2469,1851,-6.9303,10.4554
165,5.500,1475,280,2469,1852,-6.6569,10.0877
166,5.533,1475,280,2470,1852,-7.3112,10.7774
167,5.567,1475,277,2471,1853,-7.1293,11.8350
168,5.600,1476,278,2471,1853,-6.5090,12.5643
169,5.633,1476,279,2471,1854,-7.1812,11.8075
170,5.667,1477,279,2470,1854,-6.5761,11.5783
171,5.700,1477,278,2470,1854,-8.2724,12.6944
172,5.733,1478,278,2470,1853,-8.1346,11.7701
173,5.767,1477,279,2470,1853,-6.6207,11.4933
174,5.800,1478,278,2470,1853,-7.4086,11.3640
175,5.833,1477,278,2471,1854,-6.1827,11.2677
176,5.867,1477,279,2470,1854,-4.7934,10.6210
177,5.900,1477,279,2471,1854,-5.6227,10.5769
178,5.933,1478,279,2470,1852,-6.7451,10.5612
179,5.967,1477,279,2471,1852,-5.6611,9.5724
180,6.000,1477,280,2470,1849,-6.4017,10.7126
181,6.033,1478,280,2470,1850,-4.1135,11.5522
182,6.067,1478,280,2470,1849,-3.8055,11.6172
183,6.100,1479,279,2470,1849,-5.1014,11.3032
184,6.133,1479,279,2470,1850,-6.9545,11.0803
185,6.167,1479,279,2471,1852,-5.4669,12.8549
186,6.200,1479,278,2470,1851,-8.4697,11.5353
187,6.233,1479,276,2470,1852,-7.3067,12.4348
188,6.267,1479,276,2470,1852,-7.6324,12.6676
189,6.300,1479,276,2470,1852,-7.6462,12.7396
190,6.333,1483,278,2468,1855,-8.2494,8.7246
191,6.367,1483,278,2467,1854,-8.1879,7.5962
192,6.400,1483,278,2468,1855,-7.4309,8.2574
193,6.433,1484,280,2467,1854,-6.7623,7.1633
194,6.467,1483,278,2468,1852,-3.3711,-0.3761
195,6.500,1483,277,2468,1852,-5.3304,1.2095
196,6.533,1510,289,2468,1835,-4.8545,1.7818
197,6.567,1482,275,2468,1853,-4.1674,1.7962
198,6.600,1482,276,2469,1852,-3.7377,-0.3134
199,6.633,1480,277,2470,1853,-6.0928,-0.8379
200,6.667,1480,278,2469,1854,-5.2980,0.6216
201,6.700,1480,276,2469,1853,-6.6138,2.7153
202,6.733,1479,276,2470,1853,-4.7935,1.2197
203,6.767,1479,276,2470,1854,-6.2381,0.9797
204,6.800,1479,277,2471,1854,-4.9699,1.8167
205,6.833,1479,276,2471,1855,-5.6619,0.8317
206,6.867,1479,276,2471,1855,-5.5154,1.0639
207,6.900,1479,276,2470,1853,-6.1786,1.5723
208,6.933,1480,276,2470,1852,-7.3765,1.9532
209,6.967,1479,277,2470,1850,-6.0603,2.3487
210,7.000,1480,277,2469,1848,-6.9317,5.1095
211,7.033,1480,279,2470,1850,-4.0310,4.6794
212,7.067,1480,277,2470,1850,-5.5582,2.1017
213,7.100,1479,277,2470,1854,-4.5244,2.4165
214,7.133,1479,277,2470,1853,-5.0390,3.4606
215,7.167,1479,277,2470,1853,-4.8728,3.6088
216,7.200,1479,277,2470,1853,-4.9045,3.6205
217,7.233,1479,277,2470,1853,-4.9185,3.5979
218,7.267,1479,277,2470,1852,-5.7524,1.9755
219,7.300,1481,276,2469,1853,-5.2728,3.3796
220,7.333,1481,275,2469,1853,-4.9547,3.3630
221,7.367,1480,276,2470,1853,-7.0701,3.9704
222,7.400,1480,276,2469,1854,-6.1829,5.3534
223,7.433,1480,276,2471,1853,-4.4964,2.0849
224,7.467,1479,276,2471,1853,-4.0124,3.5487
225,7.500,1479,274,2472,1853,-3.9901,3.0288
226,7.533,1477,275,2472,1854,-4.3340,5.1654
227,7.567,1478,275,2472,1853,-3.3085,4.6744
228,7.600,1477,275,2472,1853,-4.9585,3.7215
229,7.633,1478,275,2471,1853,-4.7026,4.2663
230,7.667,1477,276,2472,1854,-4.3981,6.0441
231,7.700,1477,276,2472,1854,-4.3549,5.4585
232,7.733,1477,276,2472,1854,-4.3549,5.4585
233,7.767,1477,276,2472,1854,-4.3549,5.4585
234,7.800,1477,276,2472,1854,-4.3321,6.0726
235,7.833,1477,276,2472,1854,-4.2788,5.4846
236,7.867,1477,276,2472,1854,-4.2798,5.4876
237,7.900,1477,276,2472,1854,-4.2366,5.5142
238,7.933,1477,276,2472,1854,-4.3584,6.0887
239,7.967,1478,279,2472,1852,-4.2375,6.1325
240,8.000,1479,280,2470,1853,-3.1628,3.5985
241,8.033,1479,279,2471,1853,-2.9546,5.0448
242,8.067,1477,279,2472,1854,-3.8041,3.8902
243,8.100,1478,280,2472,1854,-5.1266,5.3251
244,8.133,1478,281,2472,1855,-4.3701,5.4963
245,8.167,1477,280,2472,1855,-4.2253,4.5491
246,8.200,1478,277,2472,1854,-4.0415,6.0281
247,8.233,1478,277,2472,1854,-4.0415,6.0281
248,8.267,1478,278,2471,1854,-3.8515,4.9566
249,8.300,1478,278,2471,1854,-4.3321,5.1280
250,8.333,1478,278,2471,1854,-4.3321,5.1280
251,8.367,1478,278,2471,1855,-4.2943,4.2390
252,8.400,1478,278,2472,1854,-4.1234,3.8300
253,8.433,1477,279,2472,1855,-6.7461,2.8816
254,8.467,1477,280,2472,1855,-5.8712,4.2565
255,8.500,1477,279,2471,1855,-4.4924,2.7461
256,8.533,1477,279,2472,1855,-5.7777,3.1170
257,8.567,1478,280,2472,1856,-5.4727,4.3224
258,8.600,1478,280,2471,1856,-5.2112,5.2590
259,8.633,1478,279,2472,1855,-4.1236,5.2437
260,8.667,1478,278,2472,1857,-2.7797,7.6062
261,8.700,1478,277,2472,1857,-4.2008,4.2949
262,8.733,1478,276,2472,1856,-4.2731,5.1233
263,8.767,1477,275,2473,1857,-3.7408,5.1112
264,8.800,1475,275,2474,1858,-4.5814,7.5890
265,8.833,1475,274,2473,1855,-2.9839,7.1093
266,8.867,1474,275,2473,1857,-3.9029,5.7897
267,8.900,1474,276,2473,1856,-3.9137,6.7348
268,8.933,1474,275,2473,1856,-5.0602,7.4740
269,8.967,1474,276,2473,1858,-4.2200,7.2157
270,9.000,1473,279,2472,1859,-4.7695,5.8959
271,9.033,1473,279,2472,1859,-4.7228,5.9248
272,9.067,1473,279,2472,1859,-4.7462,6.0154
273,9.100,1473,278,2472,1859,-5.1067,6.0098
274,9.133,1473,278,2472,1859,-5.2182,6.1228
275,9.167,1473,279,2472,1859,-4.6980,5.6910
276,9.200,1473,279,2472,1859,-4.7384,5.8890
277,9.233,1473,280,2472,1860,-3.3565,6.9202
278,9.267,1474,280,2473,1861,-4.4370,6.8276
279,9.300,1474,280,2472,1861,-4.6203,6.7998
280,9.333,1473,279,2473,1862,-3.8614,6.2717
281,9.367,1474,280,2473,1863,-4.1747,6.8401
282,9.400,1475,278,2473,1863,-3.6250,6.4359
283,9.433,1475,279,2473,1862,-4.4763,6.4144
284,9.467,1474,279,2473,1862,-4.3746,6.8761
285,9.500,1475,279,2473,1860,-4.4878,5.4544
286,9.533,1474,279,2474,1860,-5.8709,6.1628
287,9.567,1474,278,2474,1859,-6.3173,4.6936
288,9.600,1474,278,2474,1859,-6.5018,4.1456
289,9.633,1474,278,2474,1859,-6.6021,4.4627
290,9.667,1475,278,2474,1858,-4.2831,6.0215
291,9.700,1474,280,2475,1858,-5.1301,6.6540
292,9.733,1474,279,2475,1858,-4.2120,5.1772
293,9.767,1474,280,2475,1859,-6.3701,6.2285
294,9.800,1475,282,2475,1859,-6.0324,6.2672
295,9.833,1475,281,2475,1858,-5.3587,4.9505
296,9.867,1475,282,2474,1858,-4.4991,5.7489
297,9.900,1475,279,2473,1859,3.3707,4.4885
298,9.933,1475,280,2473,1859,5.0962,2.5017
299,9.967,1475,280,2472,1860,5.3624,5.5065
300,10.000,1475,279,2473,1859,5.0975,4.3347
301,10.033,1475,279,2473,1860,5.1728,4.7370
302,10.067,1476,280,2472,1859,4.5789,4.5182
303,10.100,1476,281,2473,1860,5.7280,3.5898
304,10.133,1476,281,2472,1859,5.5518,2.4603
305,10.167,1476,281,2473,1859,6.1935,1.8277
306,10.200,1475,280,2473,1860,6.5194,0.8776
307,10.233,1475,280,2473,1860,6.8092,0.9019
308,10.267,1475,280,2473,1860,6.7514,1.0005
309,10.300,1475,280,2473,1860,6.4389,0.4738
310,10.333,1475,280,2473,1860,6.2375,0.6963
311,10.367,1475,279,2473,1860,6.1821,2.6629
312,10.400,1475,279,2473,1860,6.7414,3.6184
313,10.433,1475,279,2473,1861,7.2066,3.5950
314,10.467,1475,280,2473,1861,7.2372,4.1285
315,10.500,1474,280,2473,1862,9.3868,3.0742
316,10.533,1473,281,2474,1863,7.9496,3.3308
317,10.567,1474,282,2473,1862,7.6995,4.9403
318,10.600,1473,283,2474,1863,9.2472,2.1311
319,10.633,1474,281,2474,1861,8.5558,4.7559
320,10.667,1474,281,2474,1860,8.1775,5.4300
321,10.700,1474,280,2474,1860,8.4590,4.1679
322,10.733,1474,279,2474,1860,8.4835,3.5234
323,10.767,1474,279,2474,1859,8.1575,3.6035
324,10.800,1473,279,2474,1861,7.8139,3.3170
325,10.833,1473,280,2474,1862,8.9949,1.6504
326,10.867,1473,280,2474,1863,9.6932,2.1920
327,10.900,1473,279,2474,1862,8.0415,1.8713
328,10.933,1473,279,2474,1862,8.0578,2.9498
329,10.967,1473,279,2475,1862,9.4592,4.1425
330,11.000,1473,281,2474,1861,9.2405,3.8670
331,11.033,1473,280,2474,1861,10.0587,3.7892
332,11.067,1472,281,2475,1861,8.4823,2.6187
333,11.100,1472,281,2474,1860,8.4263,3.0990
334,11.133,1472,281,2475,1860,9.0010,2.7388
335,11.167,1473,283,2474,1860,9.4180,3.6227
336,11.200,1472,282,2473,1861,9.8036,3.6420
337,11.233,1473,281,2472,1859,10.3595,4.6950
338,11.267,1473,280,2472,1859,7.9573,3.7992
339,11.300,1472,282,2473,1860,8.6520,3.7549
340,11.333,1472,282,2473,1861,7.9818,2.2595
341,11.367,1472,282,2473,1861,8.6284,3.5573
342,11.400,1471,283,2474,1861,8.6431,3.3250
343,11.433,1471,283,2474,1861,8.7660,3.2300
344,11.467,1471,283,2474,1861,8.5335,2.9921
345,11.500,1471,283,2474,1861,8.2597,3.1405
346,11.533,1471,284,2474,1862,8.9151,3.7342
347,11.567,1471,284,2474,1861,9.5661,3.8518
348,11.600,1471,283,2473,1861,8.6984,5.5754
349,11.633,1471,282,2473,1861,8.2272,5.2070
350,11.667,1471,282,2473,1860,7.0408,4.8553
351,11.700,1471,281,2473,1860,7.2959,5.0183
352,11.733,1471,282,2473,1860,7.0917,4.8235
353,11.767,1471,286,2469,1861,9.2854,5.5569
354,11.800,1470,286,2469,1862,7.5514,2.6728
355,11.833,1470,286,2469,1862,7.7589,2.0920
356,11.867,1470,286,2469,1862,7.6925,2.2911
357,11.900,1470,287,2469,1863,7.8620,2.5136
358,11.933,1471,285,2469,1862,8.6118,6.8713
359,11.967,1470,285,2469,1861,8.0207,4.7137
360,12.000,1470,284,2469,1863,9.2670,5.0166
361,12.033,1470,284,2469,1861,9.1236,5.6606
362,12.067,1470,284,2469,1861,9.1255,5.6500
363,12.100,1470,284,2469,1861,9.1281,5.6267
364,12.133,1470,283,2470,1861,9.8227,4.5858
365,12.167,1470,283,2470,1861,9.7366,4.6346
366,12.200,1468,286,2470,1864,8.7443,2.3053
367,12.233,1467,286,2471,1864,8.2560,2.2654
368,12.267,1466,285,2472,1864,8.6260,2.2080
369,12.300,1466,287,2471,1863,8.4847,4.3515
370,12.333,1466,287,2471,1863,8.6166,4.4353
371,12.367,1467,288,2469,1863,8.6812,1.4203
372,12.400,1467,287,2469,1863,9.0736,1.0831
373,12.433,1467,287,2469,1864,9.2661,1.7574
374,12.467,1467,287,2470,1864,8.2232,1.0128
375,12.500,1467,288,2470,1864,8.2213,1.2355
376,12.533,1467,288,2470,1864,8.2154,1.1397
377,12.567,1467,287,2470,1863,8.7302,0.6599
378,12.600,1467,287,2469,1863,9.2681,0.9543
379,12.633,1467,287,2469,1862,9.0160,1.2485
380,12.667,1467,287,2469,1862,8.8956,0.9649
381,12.700,1467,287,2469,1862,8.9627,0.8444
382,12.733,1467,287,2469,1862,8.9627,0.8444
383,12.767,1467,287,2469,1862,8.9627,0.8444
384,12.800,1468,287,2470,1861,8.5028,0.7501
385,12.833,1469,282,2471,1861,8.2220,6.1452
386,12.867,1469,283,2470,1859,9.0961,3.8949
387,12.900,1470,279,2470,1858,8.4904,2.6620
388,12.933,1470,278,2470,1858,7.9508,2.9066
389,12.967,1470,278,2470,1857,7.1696,2.2202
390,13.000,1469,279,2471,1857,7.5206,3.6074
391,13.033,1469,279,2471,1857,7.6155,3.5344
392,13.067,1469,281,2471,1860,6.9935,1.9223
393,13.100,1469,281,2471,1862,8.1679,0.8267
394,13.133,1468,282,2472,1863,8.3395,4.0482
395,13.167,1469,282,2472,1864,8.6369,3.1255
396,13.200,1468,282,2472,1864,8.7804,3.8189
397,13.233,1467,282,2473,1864,8.1304,3.4818
398,13.267,1467,282,2472,1864,8.6375,3.5231
399,13.300,1467,282,2472,1865,8.4573,3.6878
400,13.333,1467,282,2471,1866,8.3883,1.8421
401,13.367,1467,282,2471,1866,8.3872,1.8332
402,13.400,1467,281,2471,1866,6.7501,3.4344
403,13.433,1467,281,2471,1865,6.7453,2.9772
404,13.467,1465,282,2468,1859,18.8049,3.9228
405,13.500,1464,282,2468,1861,19.9309,2.5950
406,13.533,1463,282,2469,1862,19.2230,1.3940
407,13.567,1463,282,2469,1864,19.0965,2.9371
408,13.600,1462,282,2470,1865,17.5055,1.4715
409,13.633,1462,282,2470,1864,17.2301,2.4096
410,13.667,1462,283,2471,1864,18.9305,2.7505
411,13.700,1461,283,2471,1865,18.5516,2.7479
412,13.733,1461,283,2471,1865,18.2881,2.5538
413,13.767,1461,284,2471,1864,17.1836,2.7657
414,13.800,1461,284,2471,1865,17.5627,2.4738
415,13.833,1462,285,2470,1864,18.7676,2.1733
416,13.867,1462,285,2469,1864,17.8007,3.3087
417,13.900,1462,286,2469,1864,17.5872,3.3835
418,13.933,1462,286,2469,1864,17.5741,3.5302
419,13.967,1462,285,2469,1865,17.3905,3.3782
420,14.000,1462,285,2469,1865,17.2191,2.4477
421,14.033,1462,285,2469,1865,17.0140,2.6328
422,14.067,1462,286,2469,1864,17.5612,2.4871
423,14.100,1462,286,2469,1864,17.3715,2.1448
424,14.133,1461,287,2469,1863,16.7901,2.8607
425,14.167,1461,288,2470,1864,19.1226,0.2181
426,14.200,1459,288,2468,1862,19.4573,-2.2627
427,14.233,1458,289,2468,1865,18.1577,-0.8312
428,14.267,1460,289,2465,1861,17.9308,3.7467
429,14.300,1460,289,2465,1861,17.9257,4.3556
430,14.333,1460,290,2466,1861,17.9711,0.5686
431,14.367,1460,293,2465,1860,18.0152,2.4641
432,14.400,1461,291,2464,1860,19.3875,3.3812
433,14.433,1462,289,2463,1861,19.2143,3.3308
434,14.467,1461,289,2464,1863,18.6361,5.0598
435,14.500,1461,288,2464,1863,19.0604,3.8563
436,14.533,1461,288,2464,1864,17.3882,5.8263
437,14.567,1461,288,2464,1865,19.2852,4.1712
438,14.600,1461,288,2464,1864,17.4583,4.7294
439,14.633,1461,288,2465,1865,18.4699,4.0234
440,14.667,1461,288,2464,1864,17.6500,4.7627
441,14.700,1460,288,2465,1864,18.8477,3.9570
442,14.733,1460,286,2465,1864,18.8896,3.5335
443,14.767,1459,286,2465,1864,18.4102,3.6635
444,14.800,1459,286,2465,1864,18.2921,3.1715
445,14.833,1459,286,2466,1864,18.9913,4.1157
446,14.867,1461,286,2465,1861,19.7309,2.8260
447,14.900,1460,287,2464,1861,18.7521,2.7350
448,14.933,1461,287,2463,1861,16.9437,1.1519
449,14.967,1462,286,2462,1859,16.0469,4.5035
450,15.000,1463,287,2462,1859,16.7672,2.3378
451,15.033,1463,287,2462,1859,16.5117,1.6545
452,15.067,1463,286,2462,1860,16.9525,3.1466
453,15.100,1462,286,2462,1859,16.3159,3.2120
454,15.133,1462,285,2462,1859,17.5214,5.2013
455,15.167,1463,286,2461,1861,16.1954,3.5102
456,15.200,1463,286,2461,1860,16.9062,3.7224
457,15.233,1463,286,2461,1861,16.9724,2.3005
458,15.267,1463,286,2461,1861,16.6591,2.7134
459,15.300,1463,287,2461,1861,17.6149,2.4829
460,15.333,1463,287,2461,1861,17.7416,2.5959
461,15.367,1463,287,2461,1861,17.8003,2.6671
462,15.400,1463,286,2462,1862,16.7933,4.1599
463,15.433,1463,286,2462,1862,16.7093,3.7261
464,15.467,1463,285,2462,1863,16.9537,3.5692
465,15.500,1465,284,2462,1863,16.8555,1.4579
466,15.533,1463,286,2462,1862,16.9557,3.6023
467,15.567,1462,286,2461,1861,19.1049,3.5827
468,15.600,1463,285,2462,1860,17.5690,2.1800
469,15.633,1462,285,2461,1861,18.6905,3.6411
470,15.667,1462,284,2461,1861,16.5039,2.9834
471,15.700,1462,284,2462,1861,18.8904,2.6790
472,15.733,1462,284,2461,1860,18.2488,3.2503
473,15.767,1462,286,2461,1860,19.4571,2.9978
474,15.800,1463,286,2461,1861,19.2357,3.5680
475,15.833,1464,286,2461,1860,18.2218,3.5156
476,15.867,1464,286,2461,1860,17.9786,3.4918
477,15.900,1464,285,2461,1858,18.1819,0.8825
478,15.933,1464,286,2461,1859,18.2577,1.3723
479,15.967,1464,286,2462,1859,18.3993,1.8910
480,16.000,1463,286,2461,1859,18.1883,1.5404
481,16.033,1463,286,2461,1859,18.1627,1.3153
482,16.067,1463,286,2462,1858,18.1859,2.4994
483,16.100,1463,286,2462,1858,18.4602,2.6147
484,16.133,1463,286,2462,1860,18.6439,2.9425
485,16.167,1463,288,2462,1861,19.3371,2.6386
486,16.200,1462,288,2463,1862,18.5714,1.8398
487,16.233,1463,288,2463,1862,18.5158,2.4756
488,16.267,1462,289,2463,1863,18.2855,1.6621
489,16.300,1462,289,2463,1864,17.3772,2.2537
490,16.333,1461,288,2464,1865,17.7536,1.3313
491,16.367,1460,289,2465,1867,18.8727,1.5213
492,16.400,1461,288,2465,1867,17.0154,2.5185
493,16.433,1461,287,2466,1868,17.2511,2.6904
494,16.467,1461,288,2467,1869,17.6032,2.2585
495,16.500,1461,287,2467,1868,17.3502,3.3377
496,16.533,1462,287,2466,1866,18.2699,3.3819
497,16.567,1463,286,2466,1867,17.9918,3.5240
498,16.600,1463,287,2467,1867,19.9123,2.4980
499,16.633,1463,287,2467,1867,19.8045,2.6456
500,16.667,1463,287,2467,1867,20.0239,1.7222
501,16.700,1462,286,2467,1867,18.1401,1.7456
502,16.733,1462,286,2466,1868,19.1306,2.7949
503,16.767,1462,286,2466,1868,19.1536,2.7142
504,16.800,1462,286,2466,1868,19.1648,2.6810
505,16.833,1462,285,2467,1869,18.1301,3.2857
506,16.867,1462,287,2466,1869,19.0926,1.9084
507,16.900,1465,288,2467,1870,19.5961,6.9194
508,16.933,1465,287,2466,1870,18.7007,7.7460
509,16.967,1465,284,2466,1869,19.2468,12.0242
510,17.000,1466,284,2466,1869,18.8846,11.1868
511,17.033,1467,283,2467,1870,17.7080,11.2635
512,17.067,1468,282,2467,1869,20.1437,11.4138
513,17.100,1468,283,2467,1869,19.2448,12.6046
514,17.133,1469,282,2467,1868,18.6736,12.2949
515,17.167,1470,282,2467,1868,18.3840,11.1004
516,17.200,1469,283,2466,1866,17.8811,12.7530
517,17.233,1470,283,2466,1866,17.9858,12.1836
518,17.267,1470,284,2466,1865,16.6516,13.3250
519,17.300,1469,283,2465,1867,17.1176,13.7943
520,17.333,1469,285,2466,1866,18.2578,11.4397
521,17.367,1469,285,2466,1867,17.5693,11.8209
522,17.400,1469,286,2466,1869,19.9191,6.6653
523,17.433,1468,287,2465,1870,20.5045,6.0259
524,17.467,1468,287,2465,1870,20.2814,5.9527
525,17.500,1468,286,2465,1869,19.8308,7.0255
526,17.533,1469,287,2465,1869,18.7115,7.3340
527,17.567,1469,286,2465,1869,18.1798,5.1711
528,17.600,1469,285,2465,1868,17.3800,7.8536
529,17.633,1469,285,2465,1869,17.7004,6.8901
530,17.667,1469,285,2465,1869,17.6114,7.6794
531,17.700,1469,285,2465,1869,18.0212,7.6758
532,17.733,1469,285,2465,1868,17.7116,7.6363
533,17.767,1469,285,2465,1867,18.5387,8.1249
534,17.800,1470,284,2465,1866,17.2276,8.5821
535,17.833,1470,285,2465,1865,19.2287,7.8911
536,17.867,1470,285,2465,1867,18.6159,8.6876
537,17.900,1470,286,2465,1866,18.4677,6.7401
538,17.933,1470,286,2464,1867,19.3176,8.5099
539,17.967,1470,286,2464,1867,19.4065,8.9187
540,18.000,1469,286,2463,1868,19.7069,7.1450
541,18.033,1469,286,2464,1868,20.1117,6.5274
542,18.067,1469,287,2463,1868,20.1082,5.8609
543,18.100,1469,287,2464,1868,19.5978,4.8003
544,18.133,1466,284,2466,1872,21.5020,5.3111
545,18.167,1465,285,2466,1872,20.9470,6.9986
546,18.200,1465,285,2466,1872,21.0429,7.4187
547,18.233,1465,285,2465,1872,19.7157,6.9980
548,18.267,1465,286,2465,1872,20.0271,7.0928
549,18.300,1465,286,2465,1872,19.8787,6.6535
550,18.333,1466,286,2465,1873,19.5822,7.2785
551,18.367,1465,286,2465,1873,19.7692,8.1383
552,18.400,1466,285,2464,1875,20.2495,6.5758
553,18.433,1466,285,2464,1874,19.4267,5.6290
554,18.467,1466,284,2464,1874,19.5907,5.5730
555,18.500,1466,284,2464,1874,19.3406,5.6638
556,18.533,1467,284,2464,1872,19.0222,6.3200
557,18.567,1467,285,2463,1871,18.4241,6.6921
558,18.600,1467,286,2462,1873,18.4090,4.2765
559,18.633,1467,287,2462,1872,19.3365,5.5467
560,18.667,1467,286,2462,1871,18.0208,4.8532
561,18.700,1467,285,2461,1870,17.5775,3.1136
562,18.733,1467,286,2462,1871,18.6636,5.9785
563,18.767,1467,284,2462,1869,17.2608,5.6503
564,18.800,1467,284,2461,1869,17.7830,6.8614
565,18.833,1467,284,2462,1869,17.7803,6.0499
566,18.867,1467,284,2462,1869,17.8563,6.0160
567,18.900,1467,284,2462,1869,17.8452,5.9503
568,18.933,1467,283,2462,1869,18.9127,6.0495
569,18.967,1467,283,2462,1869,18.7889,6.5169
570,19.000,1468,282,2462,1871,18.5954,7.5208
571,19.033,1468,281,2462,1871,17.7688,6.2406
572,19.067,1468,281,2462,1871,17.7688,6.2406
573,19.100,1468,281,2463,1871,18.4532,6.1665
574,19.133,1469,280,2463,1869,19.2469,7.8617
575,19.167,1470,280,2463,1867,18.7036,7.2179
576,19.200,1470,279,2463,1866,18.8989,6.6556
577,19.233,1470,279,2463,1866,18.8351,7.0625
578,19.267,1470,279,2463,1866,18.9498,7.1179
579,19.300,1470,278,2464,1866,18.8799,7.1194
580,19.333,1470,278,2464,1867,17.8114,7.2793
581,19.367,1469,277,2464,1866,18.0251,7.3306
582,19.400,1469,278,2464,1867,19.5396,7.2119
583,19.433,1469,279,2464,1867,17.2842,9.0550
584,19.467,1469,280,2464,1867,17.7686,7.7954
585,19.500,1469,280,2464,1867,17.7791,7.7944
586,19.533,1469,280,2464,1867,17.7715,7.2852
587,19.567,1469,280,2464,1866,18.2442,8.8814
588,19.600,1469,280,2464,1866,18.2431,8.8675
589,19.633,1469,280,2464,1866,18.0391,9.2316
590,19.667,1469,280,2464,1867,17.9483,7.8338
591,19.700,1469,278,2465,1868,18.4455,11.0615
592,19.733,1468,278,2465,1868,16.5177,9.6540
593,19.767,1468,278,2465,1870,18.0429,11.3381
594,19.800,1468,279,2466,1870,16.7510,10.2157
595,19.833,1467,280,2466,1872,20.1073,10.4612
596,19.867,1466,281,2466,1871,18.2947,7.9807
597,19.900,1466,281,2466,1871,18.2947,7.9807
598,19.933,1466,281,2466,1871,18.1587,8.0677
599,19.967,1466,281,2466,1871,18.1451,8.2770
600,20.000,1466,278,2466,1871,17.7289,8.5646
601,20.033,1466,278,2466,1871,17.7094,8.6116
602,20.067,1466,278,2466,1871,17.7119,8.6314
603,20.100,1466,278,2466,1871,17.7290,8.6226
604,20.133,1466,278,2466,1871,17.7484,8.6628
605,20.167,1466,278,2466,1871,17.7520,8.6212
606,20.200,1466,278,2466,1871,17.6855,8.5308
607,20.233,1466,278,2466,1871,17.6630,8.4453
608,20.267,1466,278,2466,1871,17.7071,8.3647
609,20.300,1468,279,2465,1870,17.5215,9.2897
610,20.333,1468,280,2464,1870,17.8609,9.8316
611,20.367,1469,279,2464,1870,17.0772,11.3702
612,20.400,1470,280,2465,1871,13.3203,12.7643
613,20.433,1469,281,2464,1872,13.2629,11.8481
614,20.467,1470,282,2464,1873,14.2664,11.2134
615,20.500,1470,282,2464,1872,14.6855,11.8652
616,20.533,1471,283,2463,1872,14.7874,11.2757
617,20.567,1470,281,2463,1873,15.7108,11.3709
618,20.600,1470,281,2463,1873,16.0975,11.5005
619,20.633,1470,280,2463,1872,15.4759,10.0250
620,20.667,1470,279,2464,1871,16.6336,10.5453
621,20.700,1470,278,2464,1871,15.9841,10.2883
622,20.733,1470,278,2464,1871,16.0120,10.3315
623,20.767,1470,278,2464,1871,15.9513,10.4293
624,20.800,1470,278,2464,1871,15.9928,10.6154
625,20.833,1470,277,2464,1871,16.1091,9.8364
626,20.867,1470,277,2464,1871,16.3555,9.2710
627,20.900,1471,278,2464,1871,16.5740,8.3625
628,20.933,1471,278,2464,1871,16.4994,8.8923
629,20.967,1471,278,2463,1870,17.2283,7.6835
630,21.000,1470,280,2464,1871,17.2819,9.5265
631,21.033,1471,280,2463,1871,17.1693,9.7690
632,21.067,1471,281,2463,1870,17.9652,9.1225
633,21.100,1471,281,2463,1870,18.3532,8.6402
634,21.133,1471,280,2463,1871,17.2409,9.2626
635,21.167,1471,279,2463,1870,17.3539,9.7619
636,21.200,1472,279,2463,1869,17.2496,8.2454
637,21.233,1472,278,2463,1870,17.1095,9.7493
638,21.267,1471,278,2463,1869,17.8561,10.2289
639,21.300,1471,278,2462,1870,18.0270,11.3697
640,21.333,1472,276,2462,1869,17.6878,7.8554
641,21.367,1472,276,2462,1869,17.5159,7.7631
642,21.400,1472,276,2462,1869,17.3261,7.7437
643,21.433,1472,276,2462,1869,17.1903,8.0486
644,21.467,1472,276,2462,1869,17.2309,8.0081
645,21.500,1472,278,2462,1869,17.7059,9.9237
646,21.533,1472,278,2462,1870,17.3980,8.7276
647,21.567,1472,279,2462,1871,17.5785,10.1446
648,21.600,1471,280,2464,1871,15.2670,9.0481
649,21.633,1471,279,2464,1871,16.4555,8.8702
650,21.667,1472,280,2465,1871,15.7748,9.2530
651,21.700,1472,282,2464,1870,16.0709,8.9677
652,21.733,1471,281,2465,1871,16.8990,9.1730
653,21.767,1471,281,2465,1871,16.8990,9.1730
654,21.800,1471,281,2465,1871,16.9234,9.2730
655,21.833,1471,281,2465,1871,16.9450,8.9027
656,21.867,1471,281,2465,1871,16.9450,8.9027
657,21.900,1471,281,2464,1871,16.3538,9.4195
658,21.933,1471,281,2464,1870,16.0359,8.8317
659,21.967,1471,281,2465,1871,17.2202,9.1825
660,22.000,1471,283,2464,1870,15.8394,9.8727
661,22.033,1472,282,2464,1868,15.3012,6.5347
662,22.067,1473,282,2464,1868,16.0573,7.0018
663,22.100,1474,282,2464,1867,15.9047,8.8940
664,22.133,1474,282,2464,1866,15.9086,8.1093
665,22.167,1475,283,2464,1866,16.3797,10.7457
666,22.200,1475,283,2464,1866,16.6207,10.5704
667,22.233,1475,283,2464,1866,16.0922,11.0637
668,22.267,1476,280,2463,1867,16.5246,9.1064
669,22.300,1476,282,2463,1866,16.3022,8.1192
670,22.333,1476,282,2463,1866,16.7778,7.5765
671,22.367,1476,282,2463,1866,16.2168,7.6870
672,22.400,1476,281,2463,1864,15.4612,9.1460
673,22.433,1476,282,2463,1865,15.5143,9.0380
674,22.467,1476,282,2463,1866,16.6559,8.0332
675,22.500,1476,283,2462,1866,15.8599,10.8611
676,22.533,1475,282,2463,1867,16.8737,8.8155
677,22.567,1475,282,2463,1867,16.7568,8.8163
678,22.600,1475,282,2463,1867,16.4328,8.9926
679,22.633,1475,282,2463,1867,16.4249,8.9066
680,22.667,1475,282,2463,1867,16.3561,9.0311
681,22.700,1475,283,2463,1868,16.3883,9.1148
682,22.733,1475,282,2463,1868,16.6546,8.1053
683,22.767,1475,282,2463,1870,17.8232,7.1651
684,22.800,1475,281,2464,1870,15.8869,5.9784
685,22.833,1474,281,2464,1870,16.3161,9.7965
686,22.867,1474,283,2464,1869,17.9790,7.7035
687,22.900,1474,283,2464,1868,17.4520,7.6671
688,22.933,1474,284,2464,1868,17.8223,10.9255
689,22.967,1474,285,2465,1869,17.4973,11.7691
690,23.000,1473,282,2465,1867,17.6422,10.8435
691,23.033,1473,283,2465,1867,17.5668,9.9246
692,23.067,1473,283,2465,1868,17.0100,10.9601
693,23.100,1472,283,2465,1868,17.2677,11.2956
694,23.133,1472,282,2465,1868,17.4749,11.6104
695,23.167,1472,281,2465,1868,18.1234,11.3437
696,23.200,1473,281,2465,1867,17.2107,6.8272
697,23.233,1472,282,2465,1867,18.0948,10.0847
698,23.267,1472,282,2465,1867,18.5826,9.4933
699,23.300,1472,282,2465,1866,17.9784,9.8257
700,23.333,1472,282,2465,1865,18.7230,8.4375
701,23.367,1472,281,2465,1865,18.1042,8.2851
702,23.400,1472,281,2465,1864,16.9519,7.5772
703,23.433,1473,281,2465,1864,17.5514,8.2000
704,23.467,1472,282,2465,1864,18.4819,10.5193
705,23.500,1472,282,2465,1865,17.9608,10.1896
706,23.533,1472,282,2465,1866,17.1567,10.6817
707,23.567,1472,282,2465,1865,16.8450,11.1470
708,23.600,1472,282,2465,1865,16.9866,11.5075
709,23.633,1472,282,2465,1866,16.8496,12.4650
710,23.667,1472,282,2465,1867,17.1306,12.5322
711,23.700,1472,281,2465,1867,16.3463,11.9387
712,23.733,1472,281,2465,1867,16.9465,10.7743
713,23.767,1473,279,2465,1867,16.5344,10.6165
714,23.800,1473,279,2465,1867,16.6631,9.5383
715,23.833,1473,280,2465,1867,15.7102,9.7018
716,23.867,1472,278,2466,1868,10.7700,13.1387
717,23.900,1473,278,2466,1868,9.5733,14.9931
718,23.933,1473,278,2466,1868,9.2928,14.2909
719,23.967,1474,278,2466,1869,8.7459,14.7687
720,24.000,1475,277,2464,1866,9.7437,12.3435
721,24.033,1475,278,2465,1866,8.8145,12.3970
722,24.067,1475,278,2465,1866,9.3045,12.6445
723,24.100,1475,278,2465,1867,9.7133,13.7781
724,24.133,1475,276,2466,1867,9.4602,12.0712
725,24.167,1475,276,2466,1867,9.6441,12.0832
726,24.200,1475,276,2466,1867,9.6419,12.0654
727,24.233,1475,276,2466,1867,9.6419,12.0654
728,24.267,1475,276,2466,1867,9.7769,11.9442
729,24.300,1475,276,2466,1867,9.7592,12.0442
730,24.333,1480,281,2466,1866,6.1771,13.1834
731,24.367,1479,281,2466,1866,6.4895,11.2368
732,24.400,1478,281,2466,1867,6.8035,12.0277
733,24.433,1478,282,2466,1868,6.4641,13.8143
734,24.467,1478,281,2466,1869,6.9391,13.8271
735,24.500,1478,281,2466,1869,6.9467,13.8260
736,24.533,1478,281,2466,1870,7.5870,14.4927
737,24.567,1478,282,2466,1869,6.9916,14.4772
738,24.600,1478,282,2466,1870,7.6313,14.8233
739,24.633,1478,280,2465,1868,5.8114,10.7735
740,24.667,1478,279,2465,1867,7.1265,11.0589
741,24.700,1479,279,2464,1864,8.0829,12.0801
742,24.733,1479,277,2464,1865,6.4516,14.2153
743,24.767,1478,276,2465,1866,6.8837,13.4767
744,24.800,1478,277,2466,1867,8.3447,12.9456
745,24.833,1478,276,2467,1867,7.7908,12.6449
746,24.867,1479,273,2468,1865,6.5757,14.5420
747,24.900,1480,273,2467,1865,7.8732,14.9859
748,24.933,1480,273,2467,1865,7.9681,14.9718
749,24.967,1479,273,2468,1866,5.8185,14.5017
750,25.000,1479,274,2467,1865,7.2797,14.1655
751,25.033,1479,276,2467,1865,7.5158,13.5259
752,25.067,1479,276,2467,1864,7.1365,12.5016
753,25.100,1480,276,2466,1864,8.2079,14.3087
754,25.133,1480,275,2466,1862,7.2605,14.6321
755,25.167,1479,275,2466,1863,6.2865,12.0585
756,25.200,1480,275,2466,1862,7.1641,13.7187
757,25.233,1480,275,2466,1863,7.5950,14.5772
758,25.267,1480,275,2466,1863,7.4287,14.8223
759,25.300,1480,275,2466,1861,7.8571,14.8107
760,25.333,1480,274,2466,1861,8.0355,15.7973
761,25.367,1481,274,2466,1861,7.8942,15.6338
762,25.400,1481,275,2466,1861,9.0535,15.6119
763,25.433,1480,275,2466,1861,8.3139,15.6424
764,25.467,1481,275,2466,1861,9.0762,16.5576
765,25.500,1481,275,2466,1862,8.3832,14.9219
766,25.533,1481,275,2466,1862,8.3593,14.5175
767,25.567,1481,274,2466,1861,7.0306,14.8485
768,25.600,1482,274,2466,1860,7.3540,15.3502
769,25.633,1482,275,2466,1860,6.2938,14.4823
770,25.667,1482,276,2465,1860,6.8900,14.9987
771,25.700,1482,277,2465,1860,7.1812,13.2792
772,25.733,1482,277,2465,1861,8.0292,14.7636
773,25.767,1482,277,2465,1860,7.1416,13.7538
774,25.800,1482,278,2465,1860,6.9914,14.2712
775,25.833,1481,278,2465,1860,7.3002,14.0814
776,25.867,1480,278,2465,1861,5.9551,10.8838
777,25.900,1480,278,2466,1861,5.7582,12.3882
778,25.933,1480,278,2467,1863,5.3645,12.3267
779,25.967,1479,279,2467,1863,4.8273,12.0596
780,26.000,1479,277,2466,1863,6.1543,12.5435
781,26.033,1479,278,2466,1863,6.4855,11.7998
782,26.067,1479,278,2466,1863,6.5957,12.0684
783,26.100,1478,278,2466,1865,5.8964,11.0058
784,26.133,1479,277,2466,1866,5.8065,13.1497
785,26.167,1479,277,2466,1867,6.6799,12.0560
786,26.200,1479,278,2466,1869,5.8650,12.1047
787,26.233,1479,279,2466,1868,4.8048,12.9489
788,26.267,1479,278,2467,1868,6.1818,10.8156
789,26.300,1478,280,2467,1867,6.6558,14.5098
790,26.333,1480,278,2463,1863,9.6131,15.8399
791,26.367,1479,278,2463,1864,9.0442,14.6626
792,26.400,1478,278,2463,1863,8.0802,13.8596
793,26.433,1476,279,2466,1867,9.4552,15.8224
794,26.467,1476,278,2467,1867,7.8367,14.3757
795,26.500,1477,278,2466,1868,7.3213,13.9521
796,26.533,1477,277,2467,1868,7.8891,14.7955
797,26.567,1477,276,2468,1867,6.9804,13.9359
798,26.600,1477,275,2468,1866,7.2292,13.9453
799,26.633,1477,275,2468,1866,7.5351,14.1687
800,26.667,1477,275,2468,1866,7.3852,13.6205
801,26.700,1477,275,2468,1866,7.3337,13.4959
802,26.733,1477,275,2468,1865,7.4175,12.4311
803,26.767,1477,275,2468,1865,7.4077,12.3866
804,26.800,1477,275,2468,1866,7.4514,13.5491
805,26.833,1477,276,2468,1865,7.2542,14.3253
806,26.867,1477,276,2468,1866,7.6559,13.6765
807,26.900,1478,275,2468,1866,7.2509,11.7206
808,26.933,1478,275,2468,1866,7.7619,12.3311
809,26.967,1478,274,2468,1867,7.6185,12.2553
810,27.000,1478,273,2468,1866,7.7090,12.4032
811,27.033,1478,275,2468,1866,7.4313,11.1754
812,27.067,1477,276,2468,1866,8.3638,12.5931
813,27.100,1478,276,2468,1866,6.8037,11.3510
814,27.133,1477,276,2468,1866,7.0482,10.9134
815,27.167,1477,276,2468,1866,7.0221,11.0626
816,27.200,1477,276,2468,1866,6.9488,10.9475
817,27.233,1477,276,2468,1866,6.9600,10.9948
818,27.267,1477,276,2468,1866,6.9315,11.3220
819,27.300,1477,276,2467,1866,6.5159,12.3110
820,27.333,1478,277,2467,1866,6.5994,12.6008
821,27.367,1479,279,2467,1864,0.9312,14.7495
822,27.400,1479,280,2467,1864,-1.5248,13.6914
823,27.433,1479,280,2467,1864,-1.6400,13.5110
824,27.467,1479,279,2467,1864,-2.3945,13.1458
825,27.500,1479,280,2467,1864,-1.6495,13.4770
826,27.533,1479,280,2467,1864,-1.7287,13.4735
827,27.567,1481,277,2466,1860,-2.2372,15.2119
828,27.600,1482,276,2466,1861,-3.9338,15.6004
829,27.633,1483,277,2466,1860,-1.8239,17.0056
830,27.667,1484,277,2466,1860,-1.3337,14.0864
831,27.700,1484,277,2466,1859,0.4379,14.9995
832,27.733,1484,277,2466,1859,-0.2737,14.9877
833,27.767,1484,276,2466,1859,-3.2182,13.3363
834,27.800,1484,277,2466,1859,-0.9711,14.1031
835,27.833,1485,277,2465,1860,-3.4359,12.9936
836,27.867,1484,277,2466,1861,-0.3905,13.6415
837,27.900,1484,276,2466,1864,-3.4864,13.3135
838,27.933,1485,275,2465,1864,-3.0234,12.9305
839,27.967,1485,275,2465,1864,-3.2126,13.2575
840,28.000,1485,273,2466,1863,-2.3272,13.3910
841,28.033,1485,273,2466,1862,-2.2335,14.1260
842,28.067,1485,274,2466,1862,-3.3369,13.3646
843,28.100,1485,273,2465,1861,-1.5145,13.7741
844,28.133,1486,273,2465,1860,-2.4909,13.1726
845,28.167,1486,272,2465,1860,-1.7652,12.7380
846,28.200,1486,273,2465,1859,-1.9988,13.7726
847,28.233,1485,273,2465,1860,-1.4734,14.2549
848,28.267,1485,274,2466,1861,-4.5113,12.8089
849,28.300,1484,275,2466,1862,-3.1914,11.7393
850,28.333,1484,275,2466,1860,-4.6370,12.2395
851,28.367,1484,275,2465,1860,-4.2162,13.6274
852,28.400,1484,275,2465,1858,-4.1104,13.5431
853,28.433,1484,275,2465,1859,-5.7745,14.0286
854,28.467,1484,277,2465,1858,-3.1118,16.2851
855,28.500,1483,277,2465,1858,-3.3963,16.0649
856,28.533,1483,277,2465,1859,-2.4282,15.4051
857,28.567,1483,278,2465,1859,-4.0161,14.8037
858,28.600,1484,278,2465,1859,-1.3907,14.6205
859,28.633,1484,278,2465,1858,-2.9550,15.3764
860,28.667,1484,277,2466,1859,-2.5682,15.7481
861,28.700,1484,277,2466,1859,-2.5440,15.3579
862,28.733,1484,277,2466,1860,-1.9346,14.6723
863,28.767,1484,277,2466,1860,-1.9567,14.6682
864,28.800,1484,277,2466,1860,-2.4584,14.4452
865,28.833,1484,277,2466,1860,-2.2928,14.3493
866,28.867,1484,277,2466,1860,-2.3245,14.3609
867,28.900,1484,275,2467,1859,-3.6781,15.4366
868,28.933,1484,277,2467,1859,-3.1920,14.6795
869,28.967,1484,278,2467,1859,-2.8044,14.4594
870,29.000,1484,281,2467,1862,-2.8605,15.0082
871,29.033,1484,281,2467,1862,-2.6837,14.8903
872,29.067,1484,281,2467,1862,-2.6813,14.8891
873,29.100,1484,281,2467,1862,-2.6788,14.8887
874,29.133,1484,281,2467,1862,-2.8885,14.5673
875,29.167,1485,281,2467,1863,-5.0014,15.8839
876,29.200,1484,281,2467,1863,-4.4446,12.5996
877,29.233,1484,281,2467,1862,-3.6582,13.2824
878,29.267,1485,280,2468,1863,-6.0227,13.9738
879,29.300,1485,280,2468,1862,-6.2052,13.6528
880,29.333,1485,281,2467,1862,-4.6592,14.3516
881,29.367,1485,282,2467,1862,-4.6374,14.7572
882,29.400,1485,282,2468,1861,-5.3192,13.6164
883,29.433,1485,281,2468,1860,-7.4155,15.4373
884,29.467,1485,281,2468,1860,-7.1581,15.1682
885,29.500,1485,281,2468,1860,-7.6566,15.0619
886,29.533,1485,281,2468,1859,-5.3336,13.5594
887,29.567,1485,281,2468,1860,-6.6353,14.5882
888,29.600,1485,281,2468,1860,-6.6201,14.4670
889,29.633,1485,281,2468,1860,-6.5685,14.0620
890,29.667,1485,280,2468,1860,-4.9572,14.2976
891,29.700,1484,280,2468,1861,-5.4543,13.8555
892,29.733,1485,280,2468,1861,-4.9553,11.8226
893,29.767,1484,281,2468,1863,-5.9381,14.3967
894,29.800,1484,281,2468,1863,-6.3387,14.7083
895,29.833,1483,281,2468,1864,-5.2545,15.3065
896,29.867,1483,281,2468,1864,-4.6055,14.2923
897,29.900,1483,280,2468,1863,-4.4488,13.6037
898,29.933,1483,280,2468,1862,-4.7662,13.4510
899,29.967,1484,280,2468,1862,-5.1823,13.5615
900,30.000,1485,276,2467,1863,-3.6367,13.6801
901,30.033,1485,277,2467,1862,-4.7919,14.0269
902,30.067,1484,277,2468,1862,-3.5183,14.2708
903,30.100,1484,277,2467,1862,-3.4668,15.6780
904,30.133,1484,277,2467,1862,-3.3237,16.0650
905,30.167,1484,276,2467,1862,-3.6943,15.3397
906,30.200,1484,277,2468,1862,-4.3090,14.8832
907,30.233,1484,277,2468,1862,-4.4074,14.8975
908,30.267,1484,277,2468,1863,-3.6067,15.0079
909,30.300,1484,277,2467,1862,-3.7134,15.9917
910,30.333,1484,278,2467,1862,-5.5317,15.2318
911,30.367,1484,278,2467,1862,-5.0000,15.2397
912,30.400,1484,279,2467,1861,-5.3439,14.2095
913,30.433,1485,278,2467,1861,-4.7463,15.0182
914,30.467,1484,278,2467,1860,-4.4902,14.8900
915,30.500,1485,277,2467,1860,-3.8825,15.1780
916,30.533,1483,277,2466,1860,-4.6155,14.3755
917,30.567,1483,277,2466,1860,-4.6365,14.3848
918,30.600,1483,277,2466,1860,-4.6365,14.3848
919,30.633,1483,277,2466,1860,-4.6365,14.3848
920,30.667,1483,286,2462,1861,-1.1765,12.1204
921,30.700,1483,285,2463,1861,-2.6443,11.7053
922,30.733,1482,284,2463,1862,-0.9135,11.1659
923,30.767,1482,285,2463,1862,-1.6629,13.5719
924,30.800,1481,285,2464,1864,-1.2469,12.5674
925,30.833,1480,284,2464,1864,-0.6659,12.9377
926,30.867,1479,284,2465,1864,-1.1326,13.8369
927,30.900,1478,285,2464,1864,0.4551,13.9752
928,30.933,1476,283,2463,1865,9.1511,9.1338
929,30.967,1475,283,2463,1863,9.7386,6.8932
930,31.000,1474,282,2463,1865,9.7051,8.6930
931,31.033,1474,282,2463,1865,9.0658,8.6750
932,31.067,1474,282,2463,1863,9.2274,9.8734
933,31.100,1474,282,2463,1863,9.6099,9.6966
934,31.133,1473,281,2463,1863,10.0256,10.0589
935,31.167,1473,281,2463,1862,8.7890,9.0526
936,31.200,1473,280,2463,1863,8.8078,9.9939
937,31.233,1474,279,2463,1863,10.5426,11.4900
938,31.267,1473,280,2464,1863,8.0255,10.1621
939,31.300,1474,280,2463,1862,8.8850,10.8371
940,31.333,1474,279,2463,1862,10.2687,10.0838
941,31.367,1474,280,2463,1862,9.1797,11.2066
942,31.400,1474,281,2463,1863,9.7002,10.3644
943,31.433,1475,282,2463,1864,9.2967,10.7520
944,31.467,1475,282,2463,1865,9.0407,9.7121
945,31.500,1475,280,2463,1865,9.2301,10.9770
946,31.533,1475,279,2463,1866,8.8611,10.9325
947,31.567,1475,277,2464,1865,9.7635,10.9503
948,31.600,1476,278,2464,1864,7.0285,10.0996
949,31.633,1475,278,2464,1865,8.9882,11.1424
950,31.667,1475,277,2464,1865,8.2450,12.9670
951,31.700,1475,278,2463,1866,8.2336,11.5230
952,31.733,1475,278,2464,1865,8.1239,12.4645
953,31.767,1475,279,2463,1865,8.4605,12.5061
954,31.800,1475,279,2464,1866,6.9545,12.7136
955,31.833,1474,280,2464,1866,7.7413,9.6258
956,31.867,1474,280,2464,1867,8.0589,10.2361
957,31.900,1474,280,2464,1867,8.0631,10.2969
958,31.933,1474,280,2464,1867,8.1682,10.3140
959,31.967,1474,280,2464,1867,8.2235,10.1514
960,32.000,1473,280,2465,1868,7.4141,8.4911
961,32.033,1472,282,2465,1868,6.7144,9.3460
962,32.067,1472,282,2465,1868,7.1708,9.4648
963,32.100,1472,282,2464,1868,8.1038,10.0227
964,32.133,1472,283,2465,1868,8.1857,8.6740
965,32.167,1472,283,2465,1869,8.4609,9.4196
966,32.200,1472,283,2465,1870,8.4354,10.2235
967,32.233,1472,283,2465,1870,8.8108,10.4791
968,32.267,1472,281,2466,1870,6.9362,8.0636
969,32.300,1473,283,2464,1871,8.1084,8.2304
970,32.333,1472,282,2465,1871,7.1687,7.5457
971,32.367,1473,282,2465,1872,9.2612,7.4017
972,32.400,1472,281,2465,1871,8.2026,8.3016
973,32.433,1473,281,2465,1871,9.2766,9.4006
974,32.467,1473,281,2465,1871,9.3208,9.6486
975,32.500,1473,281,2465,1871,9.4253,9.6781
976,32.533,1473,282,2465,1871,8.8578,9.3363
977,32.567,1472,282,2465,1871,6.4589,9.0663
978,32.600,1473,281,2465,1869,9.0451,9.4238
979,32.633,1473,281,2465,1869,8.5107,9.7573
980,32.667,1473,282,2465,1868,8.6125,7.4692
981,32.700,1472,282,2465,1868,8.7243,9.0501
982,32.733,1472,281,2465,1868,8.8298,8.1019
983,32.767,1472,281,2464,1868,8.8314,7.5011
984,32.800,1472,281,2464,1868,8.5047,7.9415
985,32.833,1472,282,2464,1868,8.0625,8.3975
986,32.867,1472,282,2464,1867,7.8302,10.3636
987,32.900,1472,282,2464,1867,7.3803,9.4370
988,32.933,1472,282,2464,1867,8.2002,9.5026
989,32.967,1472,282,2464,1866,8.7369,9.1761
990,33.000,1472,281,2464,1868,7.3842,7.8818
991,33.033,1472,281,2464,1868,7.5054,7.4970
992,33.067,1472,281,2464,1868,7.6873,7.8755
993,33.100,1472,281,2464,1868,7.8515,7.9649
994,33.133,1472,281,2465,1869,8.1773,5.7999
995,33.167,1472,282,2464,1870,7.4695,8.3591
996,33.200,1472,282,2464,1869,7.8900,8.6206
997,33.233,1472,281,2464,1870,8.3389,7.8272
998,33.267,1472,280,2465,1869,8.0103,7.8180
999,33.300,1473,279,2465,1868,9.4893,9.2382
1000,33.333,1473,279,2466,1868,9.6490,9.7223
1001,33.367,1472,280,2466,1869,7.7305,7.4153
1002,33.400,1471,281,2466,1870,8.5521,8.4783
1003,33.433,1471,280,2466,1870,8.8497,8.1264
1004,33.467,1471,280,2467,1870,8.4726,8.7098
1005,33.500,1471,280,2467,1870,8.2645,8.5853
1006,33.533,1471,280,2467,1870,7.9476,8.6666
1007,33.567,1471,280,2467,1867,8.1446,8.0968
1008,33.600,1470,279,2467,1865,9.7928,7.6364
1009,33.633,1471,280,2467,1865,9.5158,9.6944
1010,33.667,1471,279,2466,1864,8.9288,9.6403
1011,33.700,1470,279,2467,1865,8.7609,10.8370
1012,33.733,1469,280,2468,1865,10.4042,10.3204
1013,33.767,1469,279,2468,1867,8.5383,9.2052
1014,33.800,1468,280,2469,1868,9.8783,7.8131
1015,33.833,1468,280,2468,1868,10.0767,9.3739
1016,33.867,1468,280,2468,1868,9.8599,9.0646
1017,33.900,1468,280,2468,1868,9.7681,8.9613
1018,33.933,1468,280,2468,1868,9.7839,9.1060
1019,33.967,1469,281,2467,1868,8.9386,9.2844
1020,34.000,1469,280,2467,1869,8.9061,7.6467
1021,34.033,1469,281,2467,1868,8.8669,8.8433
1022,34.067,1469,280,2467,1868,7.8143,9.1587
1023,34.100,1469,280,2467,1868,7.8570,9.1859
1024,34.133,1468,281,2467,1868,9.3668,9.9490
1025,34.167,1468,281,2467,1868,9.3770,9.9333
1026,34.200,1468,281,2467,1868,9.3527,9.9777
1027,34.233,1473,278,2462,1861,14.5939,-2.1851
1028,34.267,1424,296,2421,1840,3.6060,13.1460
1029,34.300,1424,297,2421,1840,2.6498,13.8028
1030,34.333,1424,298,2422,1840,1.1045,13.6810
1031,34.367,1424,298,2422,1838,1.8919,12.5635
1032,34.400,1424,298,2422,1838,2.3074,12.8389
1033,34.433,1423,296,2421,1839,3.0217,14.1249
1034,34.467,1424,297,2421,1838,2.5117,15.3869
1035,34.500,1423,297,2421,1838,2.2492,15.2738
1036,34.533,1423,296,2421,1838,1.6972,14.5517
1037,34.567,1423,295,2421,1839,4.3611,12.9526
1038,34.600,1423,295,2421,1839,3.7900,12.9268
1039,34.633,1423,296,2421,1839,1.5196,14.2463
1040,34.667,1422,297,2421,1840,2.0125,12.6728
1041,34.700,1423,296,2421,1839,3.3003,13.8958
1042,34.733,1423,296,2421,1837,3.0914,13.3212
1043,34.767,1422,296,2421,1838,2.3434,14.3486
1044,34.800,1423,295,2419,1837,4.1125,11.8806
1045,34.833,1422,294,2418,1838,5.0235,10.6042
1046,34.867,1423,293,2418,1838,4.6868,11.0599
1047,34.900,1423,292,2418,1839,5.3706,9.7914
1048,34.933,1423,292,2419,1839,6.8652,10.6204
1049,34.967,1423,292,2419,1841,6.0135,9.4828
1050,35.000,1423,290,2419,1841,6.3293,8.8712
1051,35.033,1422,290,2420,1842,5.3335,12.9958
1052,35.067,1453,287,2421,1835,4.8510,8.1393
1053,35.100,1452,285,2421,1835,5.7077,7.4327
1054,35.133,1453,286,2420,1833,7.3255,7.8156
1055,35.167,1451,284,2420,1835,3.3494,7.0843
1056,35.200,1451,284,2421,1835,3.6013,10.6780
1057,35.233,1450,283,2421,1835,2.4456,10.8735
1058,35.267,1422,285,2419,1839,5.6835,14.1494
1059,35.300,1422,286,2419,1840,5.3843,12.0460
1060,35.333,1422,286,2419,1841,5.4604,11.0576
1061,35.367,1422,288,2419,1841,5.5855,11.2975
1062,35.400,1421,287,2419,1843,5.6594,12.0759
1063,35.433,1421,286,2419,1845,5.5415,9.5238
1064,35.467,1421,286,2418,1845,5.9253,11.7471
1065,35.500,1420,286,2418,1845,4.5509,10.8809
1066,35.533,1420,286,2418,1846,4.5275,11.6310
1067,35.567,1420,284,2417,1847,5.4365,9.8868
1068,35.600,1422,283,2416,1846,3.4193,12.6366
1069,35.633,1421,282,2416,1846,1.9324,13.1642
1070,35.667,1421,282,2417,1846,0.3222,12.0985
1071,35.700,1421,282,2417,1845,-0.2281,11.1583
1072,35.733,1421,283,2417,1846,-1.1925,13.1244
1073,35.767,1422,284,2417,1846,-1.1969,13.8742
1074,35.800,1421,284,2417,1846,-0.3214,12.3939
1075,35.833,1421,284,2417,1846,-0.3469,11.7824
1076,35.867,1421,285,2417,1846,-1.1196,13.6476
1077,35.900,1421,285,2417,1846,-0.8635,13.2820
1078,35.933,1420,285,2416,1848,-0.3541,11.5996
1079,35.967,1420,285,2416,1848,-0.4715,12.6875
1080,36.000,1422,286,2416,1847,-0.3339,12.9160
1081,36.033,1422,286,2416,1847,-1.4292,14.7794
1082,36.067,1422,286,2415,1845,-2.3254,14.4322
1083,36.100,1422,287,2414,1843,-2.6845,11.6028
1084,36.133,1422,287,2414,1842,-1.6255,13.0603
1085,36.167,1423,289,2413,1840,-3.4520,14.5038
1086,36.200,1422,287,2413,1841,-1.0148,14.3132
1087,36.233,1423,288,2413,1840,-1.7308,14.7842
1088,36.267,1423,289,2412,1840,-1.9515,14.0190
1089,36.300,1423,290,2412,1841,-2.6329,12.8866
1090,36.333,1422,290,2413,1842,-1.8077,11.7215
1091,36.367,1422,291,2413,1843,-1.8450,15.6953
1092,36.400,1423,292,2414,1843,-2.1626,13.0480
1093,36.433,1423,291,2414,1843,-1.2485,14.6455
1094,36.467,1423,291,2414,1842,-1.2262,13.8076
1095,36.500,1423,291,2414,1840,-1.5967,13.6434
1096,36.533,1423,289,2415,1840,-1.8836,12.7214
1097,36.567,1423,290,2416,1840,0.6063,11.9713
1098,36.600,1450,289,2418,1834,-0.5735,10.7690
1099,36.633,1450,289,2420,1836,0.8137,11.5499
1100,36.667,1449,288,2420,1835,0.0088,12.4890
1101,36.700,1421,284,2419,1838,-0.2637,14.0343
1102,36.733,1450,288,2421,1834,-1.1836,11.3368
1103,36.767,1449,288,2421,1836,-0.5864,11.8966
1104,36.800,1421,287,2419,1839,1.9562,13.5981
1105,36.833,1450,288,2420,1835,0.6379,9.6264
1106,36.867,1422,289,2417,1839,0.7143,10.8477
1107,36.900,1421,289,2416,1839,1.5509,13.5378
1108,36.933,1422,289,2415,1840,1.8446,13.6322
1109,36.967,1422,291,2414,1840,1.5155,12.7454
1110,37.000,1422,292,2414,1841,1.7186,12.4332
1111,37.033,1422,293,2414,1841,1.5948,13.8883
1112,37.067,1421,293,2414,1841,0.9627,13.7889
1113,37.100,1422,294,2414,1842,-0.3015,12.1397
1114,37.133,1422,294,2414,1842,0.6530,12.7454
1115,37.167,1423,295,2414,1843,0.4748,9.3000
1116,37.200,1423,295,2414,1843,0.3357,9.6266
1117,37.233,1423,296,2414,1843,-0.2531,10.7696
1118,37.267,1423,296,2414,1843,0.1555,10.6624
1119,37.300,1423,295,2414,1842,0.7071,11.9323
1120,37.333,1423,295,2414,1842,0.5923,11.8779
1121,37.367,1423,295,2414,1842,0.6423,11.7501
1122,37.400,1423,295,2414,1842,-0.3328,13.0400
1123,37.433,1422,295,2414,1844,-0.9476,15.7048
1124,37.467,1422,295,2414,1843,-1.6984,15.0956
1125,37.500,1422,296,2415,1845,-0.9927,12.5736
1126,37.533,1421,296,2415,1844,-1.3461,15.9279
1127,37.567,1420,295,2415,1845,-1.1440,14.6692
1128,37.600,1420,295,2415,1845,-1.8571,15.6367
1129,37.633,1420,293,2415,1845,-2.6133,15.8238
1130,37.667,1420,293,2416,1845,-2.2102,16.1354
1131,37.700,1420,293,2416,1844,-2.0168,15.9095
1132,37.733,1420,293,2416,1844,-2.0168,15.9095
1133,37.767,1420,293,2416,1844,-2.0168,15.9095
1134,37.800,1420,293,2415,1844,-2.5522,16.3062
1135,37.833,1420,293,2415,1843,-1.6138,16.3122
1136,37.867,1420,293,2415,1843,-1.4966,15.9243
1137,37.900,1420,293,2415,1843,-1.4884,15.4549
1138,37.933,1420,293,2415,1843,-1.4237,15.3471
1139,37.967,1420,293,2415,1843,-1.6314,15.3927
1140,38.000,1419,292,2415,1845,-0.9468,13.8263
1141,38.033,1419,292,2415,1845,-0.6858,14.0159
1142,38.067,1419,293,2415,1846,-0.8909,17.6666
1143,38.100,1419,294,2414,1844,-0.4272,18.1561
1144,38.133,1419,295,2414,1845,1.2383,14.9851
1145,38.167,1419,295,2414,1844,-0.6643,15.7654
1146,38.200,1419,296,2412,1847,0.9449,16.6317
1147,38.233,1420,296,2410,1844,-2.0149,18.6530
1148,38.267,1420,293,2410,1845,-1.2716,16.1426
1149,38.300,1420,294,2410,1847,0.7348,15.5529
1150,38.333,1419,290,2411,1846,6.8677,12.0994
1151,38.367,1419,290,2412,1847,6.9073,11.7900
1152,38.400,1419,290,2412,1847,6.9748,11.4849
1153,38.433,1419,290,2411,1846,6.8704,12.9548
1154,38.467,1419,290,2411,1845,6.7362,11.3464
1155,38.500,1419,290,2411,1845,6.6964,10.9741
1156,38.533,1419,289,2411,1846,6.7300,11.6798
1157,38.567,1419,289,2412,1846,4.6929,12.5333
1158,38.600,1419,290,2412,1846,4.5395,12.8321
1159,38.633,1419,291,2411,1846,4.0847,13.0128
1160,38.667,1419,291,2411,1846,4.1583,13.0872
1161,38.700,1420,292,2411,1846,3.1375,13.7906
1162,38.733,1417,290,2411,1848,1.2791,12.3304
1163,38.767,1417,291,2411,1848,0.6318,15.5605
1164,38.800,1417,290,2411,1848,1.6048,12.3230
1165,38.833,1417,291,2411,1848,0.9758,14.2717
1166,38.867,1417,291,2411,1848,0.8552,14.2568
1167,38.900,1417,290,2409,1846,3.6152,11.1329
1168,38.933,1417,288,2410,1846,3.5544,8.8778
1169,38.967,1417,285,2410,1844,2.1113,8.5659
1170,39.000,1416,282,2411,1844,3.8564,7.4352
1171,39.033,1416,282,2411,1844,3.7542,7.4862
1172,39.067,1417,282,2411,1845,3.7902,9.5625
1173,39.100,1417,282,2411,1845,3.6886,9.4855
1174,39.133,1417,282,2411,1845,3.2007,9.4358
1175,39.167,1417,282,2411,1845,3.1944,9.4136
1176,39.200,1417,282,2411,1845,3.0418,9.4595
1177,39.233,1417,282,2411,1845,3.1451,9.3088
1178,39.267,1417,282,2411,1845,3.0033,9.3115
1179,39.300,1416,282,2411,1845,4.5153,8.8426
1180,39.333,1416,282,2411,1844,3.8809,7.6623
1181,39.367,1416,283,2411,1844,4.9585,10.0918
1182,39.400,1416,284,2411,1843,3.0169,9.4361
1183,39.433,1416,286,2411,1842,2.6272,8.1499
1184,39.467,1417,288,2410,1843,3.3511,9.0464
1185,39.500,1417,289,2410,1844,3.7749,7.7652
1186,39.533,1418,290,2409,1842,3.6927,8.3461
1187,39.567,1418,290,2409,1842,3.4738,8.5057
1188,39.600,1418,290,2409,1843,3.9419,8.7833
1189,39.633,1418,290,2409,1843,3.9199,8.7759
1190,39.667,1418,290,2409,1843,3.9198,8.8097
1191,39.700,1418,289,2410,1843,3.5857,8.0695
1192,39.733,1418,289,2409,1843,4.3184,8.1270
1193,39.767,1419,290,2408,1842,2.2635,9.0522
1194,39.800,1418,289,2408,1843,0.3889,13.5956
1195,39.833,1418,289,2408,1843,0.7963,13.5278
1196,39.867,1418,289,2408,1842,0.4858,14.3757
1197,39.900,1418,289,2408,1842,0.4564,14.8990
1198,39.933,1419,289,2408,1842,1.5903,12.4319
1199,39.967,1419,289,2408,1841,1.3669,13.8235
1200,40.000,1419,291,2409,1840,-0.6313,13.4573
1201,40.033,1419,289,2408,1839,0.6429,13.6408
1202,40.067,1419,289,2408,1840,-0.2327,11.4398
1203,40.100,1419,289,2409,1840,-0.6978,12.1790
1204,40.133,1419,289,2408,1840,-0.1091,12.0580
1205,40.167,1419,288,2409,1840,-1.2722,13.1762
1206,40.200,1419,288,2408,1840,-0.2757,13.8180
1207,40.233,1419,288,2408,1840,-0.4403,13.8825
1208,40.267,1419,288,2408,1840,-0.3217,14.1844
1209,40.300,1419,289,2409,1840,-1.2761,12.7406
1210,40.333,1419,289,2409,1840,-1.2003,12.6902
1211,40.367,1420,289,2410,1839,0.5309,11.6425
1212,40.400,1420,290,2410,1839,2.1307,10.7724
1213,40.433,1418,289,2411,1840,6.0926,9.2450
1214,40.467,1417,287,2412,1842,5.8016,9.1251
1215,40.500,1417,287,2412,1841,6.1707,9.1222
1216,40.533,1417,287,2412,1841,6.0915,8.6716
1217,40.567,1417,286,2412,1841,4.8067,8.4395
1218,40.600,1417,287,2411,1842,6.2662,9.8938
1219,40.633,1417,287,2411,1841,5.9905,9.6339
1220,40.667,1417,287,2411,1841,6.0554,9.4666
1221,40.700,1417,287,2412,1841,6.2247,8.9254
1222,40.733,1417,287,2412,1841,6.1382,8.8781
1223,40.767,1417,287,2412,1841,6.1139,8.8436
1224,40.800,1417,287,2412,1841,5.5119,8.7809
1225,40.833,1417,287,2412,1841,5.5625,8.7859
1226,40.867,1417,287,2412,1841,5.5141,8.6612
1227,40.900,1419,288,2411,1839,4.9075,7.5437
1228,40.933,1419,288,2411,1835,5.4970,10.1720
1229,40.967,1418,289,2410,1835,4.1443,9.8482
1230,41.000,1418,287,2408,1834,11.8707,8.9749
1231,41.033,1416,288,2407,1834,12.8035,8.8533
1232,41.067,1416,286,2407,1836,10.6673,7.6243
1233,41.100,1416,286,2407,1836,10.6673,7.6243
1234,41.133,1416,286,2407,1836,10.7249,7.9568
1235,41.167,1416,286,2407,1836,10.5901,8.3006
1236,41.200,1416,286,2407,1836,10.5901,8.3006
1237,41.233,1416,286,2407,1836,10.7401,8.2801
1238,41.267,1416,286,2407,1836,10.7262,8.3842
1239,41.300,1416,286,2407,1836,10.7042,8.7131
1240,41.333,1416,286,2407,1836,10.6609,8.6589
1241,41.367,1416,286,2406,1835,11.2757,9.0820
1242,41.400,1416,286,2406,1835,11.6506,9.4045
1243,41.433,1416,286,2406,1835,11.9671,9.3224
1244,41.467,1416,287,2406,1835,11.6195,9.0154
1245,41.500,1416,286,2406,1835,12.2904,9.3347
1246,41.533,1416,286,2406,1835,12.3967,9.2273
1247,41.567,1416,286,2406,1835,12.0273,9.3101
1248,41.600,1416,286,2406,1836,12.3690,8.2460
1249,41.633,1417,287,2406,1835,11.8904,8.3437
1250,41.667,1416,288,2406,1835,11.7268,10.3225
1251,41.700,1417,288,2406,1836,12.3180,9.6794
1252,41.733,1416,288,2407,1837,12.8004,11.5646
1253,41.767,1416,288,2407,1837,12.8973,11.6777
1254,41.800,1416,288,2407,1836,12.0153,11.2499
1255,41.833,1416,288,2406,1836,12.2615,12.1090
1256,41.867,1416,288,2407,1836,12.1994,11.5116
1257,41.900,1416,288,2407,1836,12.1994,11.5116
1258,41.933,1416,288,2407,1836,12.0879,11.1755
1259,41.967,1416,288,2407,1836,12.0879,11.1755
1260,42.000,1417,289,2407,1837,12.9616,10.1751
1261,42.033,1417,291,2408,1844,14.8138,7.5619
1262,42.067,1418,291,2409,1846,8.7584,10.9391
1263,42.100,1419,291,2408,1848,4.4704,12.0296
1264,42.133,1419,296,2409,1851,0.4285,11.9309
1265,42.167,1419,295,2409,1851,-0.5098,13.6317
1266,42.200,1419,295,2409,1850,0.0741,13.2181
1267,42.233,1419,295,2409,1850,0.1057,13.3505
1268,42.267,1419,294,2409,1850,-3.6389,11.9500
1269,42.300,1419,294,2409,1850,-3.7520,12.1528
1270,42.333,1419,294,2408,1850,-3.7218,11.5047
1271,42.367,1419,294,2408,1850,-3.5718,11.9536
1272,42.400,1419,294,2408,1850,-3.5719,12.0012
1273,42.433,1419,294,2408,1850,-3.8917,12.2219
1274,42.467,1418,295,2408,1850,-0.9653,12.9132
1275,42.500,1418,295,2409,1850,0.0242,13.5344
1276,42.533,1418,296,2409,1850,0.3673,12.4903
1277,42.567,1418,295,2409,1849,-1.1946,13.0631
1278,42.600,1418,294,2409,1849,-0.8354,14.2555
1279,42.633,1419,294,2408,1849,-5.2970,12.9041
1280,42.667,1419,295,2409,1849,-1.8279,16.0641
1281,42.700,1417,293,2409,1848,-1.9698,14.7703
1282,42.733,1416,292,2408,1847,-1.1896,17.2474
1283,42.767,1415,291,2407,1845,-1.8011,14.7472
1284,42.800,1415,292,2406,1844,-4.0644,12.7955
1285,42.833,1415,292,2406,1844,-4.0668,12.8049
1286,42.867,1415,292,2406,1844,-4.1112,12.7822
1287,42.900,1415,292,2406,1844,-4.0512,12.8198
1288,42.933,1415,292,2407,1844,-2.9257,14.9079
1289,42.967,1415,290,2406,1843,-3.5996,14.6660
1290,43.000,1415,288,2407,1841,-2.3899,14.7380
1291,43.033,1415,287,2407,1841,-1.3048,14.7502
1292,43.067,1415,288,2408,1842,-1.3553,14.4606
1293,43.100,1415,290,2406,1842,-1.8951,12.1926
1294,43.133,1415,290,2407,1842,-1.0747,14.8779
1295,43.167,1415,288,2407,1842,0.1877,13.5138
1296,43.200,1417,288,2408,1843,-1.5046,16.2616
1297,43.233,1417,288,2408,1843,-1.5046,16.2616
1298,43.267,1416,288,2408,1843,-1.0428,14.3041
1299,43.300,1416,288,2408,1843,-1.5688,14.1429
1300,43.333,1416,288,2408,1843,-1.5688,14.1429
1301,43.367,1416,287,2407,1843,1.3770,13.8727
1302,43.400,1417,287,2407,1843,2.8754,15.5740
1303,43.433,1417,287,2407,1842,3.0499,16.0299
1304,43.467,1417,288,2407,1842,2.2110,16.0884
1305,43.500,1417,288,2407,1843,1.9734,15.0848
1306,43.533,1417,288,2407,1842,2.1761,16.0540
1307,43.567,1417,288,2407,1843,1.6413,15.5185
1308,43.600,1417,288,2407,1843,1.5720,15.6088
1309,43.633,1417,288,2407,1842,1.6888,16.1379
1310,43.667,1417,288,2407,1842,1.5152,16.2238
1311,43.700,1417,288,2407,1842,0.9686,15.8960
1312,43.733,1417,288,2406,1842,1.2971,15.4450
1313,43.767,1417,289,2407,1840,0.2440,12.4208
1314,43.800,1417,289,2407,1841,0.4496,14.1237
1315,43.833,1417,290,2408,1841,0.4320,14.9600
1316,43.867,1418,291,2408,1841,0.8650,15.8036
1317,43.900,1418,291,2408,1841,0.7810,15.9951
1318,43.933,1418,291,2408,1841,1.2940,13.9527
1319,43.967,1418,291,2408,1841,1.0692,13.9144
1320,44.000,1419,292,2407,1840,0.1132,13.2077
1321,44.033,1419,292,2407,1841,0.1814,13.9347
1322,44.067,1418,292,2408,1843,-0.2056,11.9097
1323,44.100,1418,293,2409,1846,1.4441,14.1696
1324,44.133,1417,293,2410,1848,0.7845,13.7302
1325,44.167,1417,293,2410,1848,0.7428,13.8767
1326,44.200,1417,293,2410,1848,0.7851,14.0591
1327,44.233,1417,293,2410,1849,2.4998,13.1326
1328,44.267,1417,293,2410,1849,2.5016,13.1070
1329,44.300,1417,293,2410,1849,2.3277,13.4929
1330,44.333,1417,293,2410,1850,0.8702,14.1476
1331,44.367,1417,293,2410,1850,0.7804,14.2430
1332,44.400,1417,294,2410,1850,0.3165,14.7262
1333,44.433,1416,292,2410,1850,2.5557,12.1593
1334,44.467,1416,290,2409,1849,0.9364,13.4134
1335,44.500,1415,289,2409,1848,2.2628,12.9178
1336,44.533,1414,287,2409,1846,1.9433,11.5291
1337,44.567,1414,289,2408,1846,1.5883,11.4692
1338,44.600,1414,289,2407,1846,1.5176,11.3132
1339,44.633,1414,290,2407,1846,1.3879,11.8902
1340,44.667,1414,292,2407,1847,2.2380,11.2271
1341,44.700,1416,292,2407,1847,1.8545,10.9832
1342,44.733,1416,292,2407,1844,2.0703,12.1588
